'startTime','endTime','anomaly','anomalyWorkers'
'1659744770','1659744771','normal','worker2-container-28-31,worker1-container-8-11,worker2-container-8-11,worker2-container-4-7,worker1-container-28-31'
'1659981270','1659981271','cpu_2','worker2-container-24-27,worker1-container-20-23,worker1-container-4-7,worker2-container-8-11,worker2-container-4-7'
'1660057115','1660057116','hdd_10','worker2-container-0-3,worker1-container-16-19,worker1-container-28-31,worker1-container-32-35,worker1-container-12-15'
'1660895051','1660895052','hdd_5','worker1-container-8-11,worker2-container-12-15,worker2-container-36-39,worker2-container-32-35,worker1-container-12-15'
'1661002527','1661002528','cpu_3','worker1-container-20-23,worker1-container-28-31,worker1-container-36-39,worker2-container-28-31,worker1-container-4-7'
'1662149248','1662149249','hdd_5','worker2-container-16-19,worker1-container-36-39,worker1-container-20-23,worker1-container-28-31,worker2-container-8-11,worker2-container-4-7,worker1-container-8-11,worker2-container-32-35,worker1-container-12-15,worker1-container-4-7'
'1662408930','1662408931','hdd_5','worker2-container-8-11,worker2-container-28-31,worker1-container-16-19,worker1-container-8-11,worker1-container-24-27,worker1-container-4-7,worker2-container-12-15,worker2-container-20-23,worker2-container-32-35,worker2-container-4-7,worker1-container-12-15,worker2-container-36-39,worker1-container-20-23,worker1-container-28-31,worker2-container-24-27'
'1662584620','1662584621','hdd_10','worker2-container-0-3,worker1-container-0-3,worker2-container-32-35,worker2-container-36-39,worker1-container-28-31,worker1-container-16-19,worker2-container-24-27,worker1-container-36-39,worker2-container-12-15,worker1-container-12-15,worker2-container-16-19,worker1-container-32-35,worker2-container-28-31,worker1-container-24-27,worker1-container-20-23'
'1662667715','1662667716','hdd_10','worker1-container-24-27,worker2-container-20-23,worker2-container-12-15,worker2-container-4-7,worker2-container-28-31,worker2-container-32-35,worker1-container-20-23,worker1-container-32-35,worker1-container-8-11,worker1-container-16-19'
'1662883248','1662883249','cpu_2','worker1-container-12-15,worker1-container-0-3,worker1-container-32-35,worker2-container-8-11,worker2-container-12-15,worker2-container-32-35,worker1-container-28-31,worker1-container-8-11,worker2-container-28-31,worker2-container-16-19'
'1662966087','1662966088','cpu_2','worker2-container-4-7,worker2-container-24-27,worker2-container-28-31,worker2-container-16-19,worker1-container-32-35,worker1-container-16-19,worker1-container-12-15,worker1-container-24-27,worker2-container-8-11,worker1-container-8-11,worker2-container-20-23,worker2-container-12-15,worker1-container-28-31,worker1-container-0-3,worker2-container-36-39'
'1663143888','1663143889','cpu_2','worker1-container-36-39,worker1-container-8-11'
'1663280146','1663280147','hdd_10','worker1-container-32-35,worker1-container-8-11'
